,Nom correct
1.FC Heidenheim 1846,
1.FC Köln,
1.FC Union Berlin,
1.FSV Mainz 05,
AC Ajaccio,
AC Milan,
AC Monza,
ACF Fiorentina,
AFC Bournemouth,
AJ Auxerre,
AS Monaco,
AS Roma,
AS Saint-Étienne,
Angers SCO,
Arsenal FC,
Aston Villa,
Atalanta BC,
Athletic Bilbao,
Atlético de Madrid,
Bayer 04 Leverkusen,
Bayern Munich,
Borussia Dortmund,
Borussia Mönchengladbach,
Brighton & Hove Albion,
Burnley FC,
CA Osasuna,
CD Leganés,
Cagliari Calcio,
Celta Vigo,
Chelsea FC,
Clermont Foot 63,
Como 1907,
Crystal Palace,
Cádiz CF,
Deportivo Alavés,
ESTAC Troyes,
Eintracht Francfort,
Elche CF,
Espanyol Barcelona,
FC Augsburg,
FC Barcelone,
FC Bologna,
FC Brentford,
FC Empoli,
FC Everton,
FC Fulham,
FC Getafe,
FC Granada,
FC Liverpool,
FC Lorient,
FC Metz,
FC Nantes,
FC Schalke 04,
FC Southampton,
FC St. Pauli,
FC Valencia,
Frosinone Calcio,
Genoa CFC,
Girona FC,
Hellas Verona,
Hertha BSC,
Holstein Kiel,
Inter Milan,
Ipswich Town,
Juventus Turin,
LOSC Lille,
Lazio Rome,
Le Havre AC,
Leeds United,
Leicester City,
Luton Town,
Manchester City,
Manchester United,
Montpellier Hérault SC,
Newcastle United,
Nottingham Forest,
OGC Nice,
Olympique Lyonnais,
Olympique de Marseille,
Paris Saint-Germain,
Parma Calcio 1913,
RB Leipzig,
RC Lens,
RC Strasbourg Alsace,
RCD Mallorca,
Rayo Vallecano,
Real Betis Balompié,
Real Madrid,
Real Sociedad,
Real Valladolid,
SC Fribourg,
SSC Napoli,
SV Darmstadt 98,
SV Werder Bremen,
Sheffield United,
Spezia Calcio,
Stade Brestois 29,
Stade Rennais FC,
Stade de Reims,
Séville FC,
TSG 1899 Hoffenheim,
Torino FC,
Tottenham Hotspur,
Toulouse FC,
UC Sampdoria,
UD Almería,
UD Las Palmas,
US Cremonese,
US Lecce,
US Salernitana 1919,
US Sassuolo,
Udinese Calcio,
Venezia FC,
VfB Stuttgart,
VfL Bochum,
VfL Wolfsburg,
Villarreal CF,
West Ham United,
Wolverhampton Wanderers,
